Review Text,Sentiment
Not worth the money. Poor quality.,negative
Absolutely love this product! Highly recommend.,negative
Five stars! Will definitely purchase again.,negative
"Horrible, broke within a week.",positive
"Horrible, broke within a week.",negative
Excellent service and fast delivery!,negative
Not worth the money. Poor quality.,negative
Waste of money. Very bad experience.,negative
Great value for the price. Works as expected.,negative
Satisfied with my order. Will buy again.,negative
Not happy. Returning it immediately.,negative
"Terrible experience, I regret buying this.",positive
Absolutely love this product! Highly recommend.,positive
Great value for the price. Works as expected.,negative
Really satisfied with the purchase.,positive
"Horrible, broke within a week.",negative
Fantastic! My whole family loves it.,positive
Hated it. Do not recommend.,negative
Absolutely love this product! Highly recommend.,negative
Waste of money. Very bad experience.,negative
Really satisfied with the purchase.,negative
Waste of money. Very bad experience.,positive
Not happy. Returning it immediately.,negative
"Horrible, broke within a week.",positive
Good quality and affordable.,positive
Satisfied with my order. Will buy again.,negative
Five stars! Will definitely purchase again.,positive
Absolutely love this product! Highly recommend.,negative
Worst customer support. Never buying again.,positive
Not happy. Returning it immediately.,negative
Amazing! Exceeded my expectations.,positive
Five stars! Will definitely purchase again.,positive
Excellent service and fast delivery!,negative
Really satisfied with the purchase.,positive
Amazing! Exceeded my expectations.,positive
Not worth the money. Poor quality.,negative
Great value for the price. Works as expected.,negative
This is the best purchase I have made.,negative
Not worth the money. Poor quality.,negative
"Shipping was delayed, but product is good.",positive
"Shipping was delayed, but product is good.",negative
Hated it. Do not recommend.,negative
Five stars! Will definitely purchase again.,negative
"Terrible experience, I regret buying this.",negative
Good quality and affordable.,positive
Waste of money. Very bad experience.,positive
Not worth the money. Poor quality.,positive
This is the best purchase I have made.,negative
Great value for the price. Works as expected.,positive
Waste of money. Very bad experience.,positive
Disappointed. Doesn't match the description.,negative
Hated it. Do not recommend.,positive
"Shipping was delayed, but product is good.",positive
Satisfied with my order. Will buy again.,negative
Really satisfied with the purchase.,positive
Great value for the price. Works as expected.,negative
"Terrible experience, I regret buying this.",positive
"Horrible, broke within a week.",positive
Disappointed. Doesn't match the description.,negative
Great value for the price. Works as expected.,positive
"Horrible, broke within a week.",negative
Not worth the money. Poor quality.,negative
This is the best purchase I have made.,negative
Five stars! Will definitely purchase again.,negative
Good quality and affordable.,positive
"Shipping was delayed, but product is good.",positive
Worst customer support. Never buying again.,negative
"Shipping was delayed, but product is good.",positive
"Shipping was delayed, but product is good.",positive
Really satisfied with the purchase.,positive
Five stars! Will definitely purchase again.,positive
Great value for the price. Works as expected.,negative
Hated it. Do not recommend.,positive
Worst customer support. Never buying again.,negative
Waste of money. Very bad experience.,positive
"Horrible, broke within a week.",positive
Worst customer support. Never buying again.,negative
Good quality and affordable.,negative
This is the best purchase I have made.,negative
Five stars! Will definitely purchase again.,negative
Waste of money. Very bad experience.,positive
"Horrible, broke within a week.",negative
Amazing! Exceeded my expectations.,negative
"Terrible experience, I regret buying this.",positive
"Horrible, broke within a week.",positive
"Terrible experience, I regret buying this.",negative
Amazing! Exceeded my expectations.,negative
This is the best purchase I have made.,negative
Five stars! Will definitely purchase again.,negative
Great value for the price. Works as expected.,negative
Really satisfied with the purchase.,negative
Satisfied with my order. Will buy again.,negative
Amazing! Exceeded my expectations.,positive
Really satisfied with the purchase.,negative
Terrible product. Stopped working in a few days.,negative
This is the best purchase I have made.,positive
Good quality and affordable.,positive
Excellent service and fast delivery!,negative
Five stars! Will definitely purchase again.,negative
Excellent service and fast delivery!,negative
"Horrible, broke within a week.",negative
Waste of money. Very bad experience.,positive
Waste of money. Very bad experience.,negative
Five stars! Will definitely purchase again.,negative
Satisfied with my order. Will buy again.,positive
Not happy. Returning it immediately.,positive
Satisfied with my order. Will buy again.,negative
This is the best purchase I have made.,negative
"Shipping was delayed, but product is good.",positive
"Horrible, broke within a week.",negative
Excellent service and fast delivery!,positive
Fantastic! My whole family loves it.,positive
Terrible product. Stopped working in a few days.,negative
Great value for the price. Works as expected.,positive
"Terrible experience, I regret buying this.",positive
Not worth the money. Poor quality.,positive
Excellent service and fast delivery!,negative
Worst customer support. Never buying again.,negative
Not happy. Returning it immediately.,positive
Hated it. Do not recommend.,negative
Great value for the price. Works as expected.,positive
This is the best purchase I have made.,positive
This is the best purchase I have made.,negative
Hated it. Do not recommend.,negative
Good quality and affordable.,negative
Fantastic! My whole family loves it.,positive
Five stars! Will definitely purchase again.,positive
Waste of money. Very bad experience.,positive
Absolutely love this product! Highly recommend.,negative
Not worth the money. Poor quality.,negative
Waste of money. Very bad experience.,positive
Five stars! Will definitely purchase again.,negative
Amazing! Exceeded my expectations.,negative
Not worth the money. Poor quality.,negative
Disappointed. Doesn't match the description.,negative
Not happy. Returning it immediately.,positive
Worst customer support. Never buying again.,negative
Good quality and affordable.,positive
Absolutely love this product! Highly recommend.,positive
Five stars! Will definitely purchase again.,positive
Fantastic! My whole family loves it.,negative
Worst customer support. Never buying again.,negative
Fantastic! My whole family loves it.,positive
Not worth the money. Poor quality.,negative
Disappointed. Doesn't match the description.,positive
Fantastic! My whole family loves it.,negative
Hated it. Do not recommend.,positive
Really satisfied with the purchase.,negative
Excellent service and fast delivery!,negative
"Shipping was delayed, but product is good.",negative
Worst customer support. Never buying again.,negative
Waste of money. Very bad experience.,negative
Fantastic! My whole family loves it.,positive
Absolutely love this product! Highly recommend.,positive
Hated it. Do not recommend.,negative
Amazing! Exceeded my expectations.,positive
Terrible product. Stopped working in a few days.,negative
Absolutely love this product! Highly recommend.,positive
Not worth the money. Poor quality.,positive
"Shipping was delayed, but product is good.",negative
Disappointed. Doesn't match the description.,negative
"Horrible, broke within a week.",negative
"Terrible experience, I regret buying this.",positive
"Horrible, broke within a week.",positive
Satisfied with my order. Will buy again.,positive
Great value for the price. Works as expected.,positive
Great value for the price. Works as expected.,negative
Terrible product. Stopped working in a few days.,negative
Great value for the price. Works as expected.,positive
Waste of money. Very bad experience.,positive
Excellent service and fast delivery!,positive
Excellent service and fast delivery!,positive
Terrible product. Stopped working in a few days.,negative
Waste of money. Very bad experience.,negative
Worst customer support. Never buying again.,negative
Five stars! Will definitely purchase again.,negative
Fantastic! My whole family loves it.,positive
Hated it. Do not recommend.,negative
Not happy. Returning it immediately.,positive
Really satisfied with the purchase.,negative
Waste of money. Very bad experience.,negative
Really satisfied with the purchase.,negative
Disappointed. Doesn't match the description.,positive
This is the best purchase I have made.,negative
"Shipping was delayed, but product is good.",positive
Good quality and affordable.,negative
Fantastic! My whole family loves it.,negative
Good quality and affordable.,positive
Not worth the money. Poor quality.,negative
"Horrible, broke within a week.",positive
"Horrible, broke within a week.",negative
Great value for the price. Works as expected.,negative
Amazing! Exceeded my expectations.,positive
Absolutely love this product! Highly recommend.,negative
Satisfied with my order. Will buy again.,negative
Waste of money. Very bad experience.,positive
"Horrible, broke within a week.",positive
Satisfied with my order. Will buy again.,negative
"Horrible, broke within a week.",positive
Absolutely love this product! Highly recommend.,positive
Great value for the price. Works as expected.,positive
"Terrible experience, I regret buying this.",positive
"Horrible, broke within a week.",negative
Great value for the price. Works as expected.,positive
"Terrible experience, I regret buying this.",positive
Amazing! Exceeded my expectations.,positive
Great value for the price. Works as expected.,positive
Fantastic! My whole family loves it.,positive
"Horrible, broke within a week.",positive
Five stars! Will definitely purchase again.,positive
Terrible product. Stopped working in a few days.,negative
Really satisfied with the purchase.,positive
Waste of money. Very bad experience.,positive
Excellent service and fast delivery!,negative
Satisfied with my order. Will buy again.,positive
Satisfied with my order. Will buy again.,positive
Terrible product. Stopped working in a few days.,negative
"Horrible, broke within a week.",positive
Terrible product. Stopped working in a few days.,positive
Not happy. Returning it immediately.,positive
Really satisfied with the purchase.,positive
Not worth the money. Poor quality.,positive
Not worth the money. Poor quality.,negative
Not happy. Returning it immediately.,positive
"Shipping was delayed, but product is good.",negative
Not happy. Returning it immediately.,positive
Not happy. Returning it immediately.,positive
Good quality and affordable.,negative
"Terrible experience, I regret buying this.",positive
Not worth the money. Poor quality.,positive
"Terrible experience, I regret buying this.",negative
This is the best purchase I have made.,positive
Amazing! Exceeded my expectations.,positive
Not worth the money. Poor quality.,negative
"Horrible, broke within a week.",negative
Really satisfied with the purchase.,negative
Really satisfied with the purchase.,positive
Waste of money. Very bad experience.,negative
Good quality and affordable.,positive
Excellent service and fast delivery!,positive
Not happy. Returning it immediately.,negative
Worst customer support. Never buying again.,negative
Five stars! Will definitely purchase again.,positive
Good quality and affordable.,positive
"Horrible, broke within a week.",negative
Great value for the price. Works as expected.,negative
Good quality and affordable.,negative
Waste of money. Very bad experience.,positive
Not worth the money. Poor quality.,negative
"Terrible experience, I regret buying this.",negative
Waste of money. Very bad experience.,positive
Absolutely love this product! Highly recommend.,positive
Great value for the price. Works as expected.,negative
"Horrible, broke within a week.",positive
Worst customer support. Never buying again.,positive
Not happy. Returning it immediately.,positive
Terrible product. Stopped working in a few days.,negative
Terrible product. Stopped working in a few days.,negative
Really satisfied with the purchase.,negative
This is the best purchase I have made.,negative
"Terrible experience, I regret buying this.",negative
Worst customer support. Never buying again.,negative
This is the best purchase I have made.,positive
Absolutely love this product! Highly recommend.,positive
This is the best purchase I have made.,positive
Five stars! Will definitely purchase again.,negative
Good quality and affordable.,negative
Disappointed. Doesn't match the description.,positive
Not happy. Returning it immediately.,negative
Waste of money. Very bad experience.,negative
Terrible product. Stopped working in a few days.,negative
Excellent service and fast delivery!,negative
Really satisfied with the purchase.,negative
Disappointed. Doesn't match the description.,positive
Really satisfied with the purchase.,negative
"Terrible experience, I regret buying this.",negative
Satisfied with my order. Will buy again.,negative
Waste of money. Very bad experience.,negative
"Terrible experience, I regret buying this.",negative
Amazing! Exceeded my expectations.,positive
"Terrible experience, I regret buying this.",negative
"Terrible experience, I regret buying this.",positive
Satisfied with my order. Will buy again.,positive
Terrible product. Stopped working in a few days.,positive
Fantastic! My whole family loves it.,positive
Fantastic! My whole family loves it.,negative
Worst customer support. Never buying again.,positive
"Terrible experience, I regret buying this.",negative
Fantastic! My whole family loves it.,positive
Great value for the price. Works as expected.,positive
Worst customer support. Never buying again.,negative
Great value for the price. Works as expected.,positive
Hated it. Do not recommend.,negative
Great value for the price. Works as expected.,negative
"Horrible, broke within a week.",negative
This is the best purchase I have made.,positive
Not worth the money. Poor quality.,negative
Satisfied with my order. Will buy again.,negative
"Horrible, broke within a week.",negative
Satisfied with my order. Will buy again.,positive
Hated it. Do not recommend.,positive
"Terrible experience, I regret buying this.",positive
Hated it. Do not recommend.,negative
Great value for the price. Works as expected.,positive
Not happy. Returning it immediately.,positive
Satisfied with my order. Will buy again.,negative
Satisfied with my order. Will buy again.,negative
Fantastic! My whole family loves it.,positive
Amazing! Exceeded my expectations.,negative
Five stars! Will definitely purchase again.,positive
Really satisfied with the purchase.,negative
Amazing! Exceeded my expectations.,positive
"Horrible, broke within a week.",negative
Five stars! Will definitely purchase again.,positive
This is the best purchase I have made.,positive
Excellent service and fast delivery!,negative
Disappointed. Doesn't match the description.,negative
Good quality and affordable.,negative
Amazing! Exceeded my expectations.,negative
Great value for the price. Works as expected.,positive
Absolutely love this product! Highly recommend.,positive
Good quality and affordable.,positive
Hated it. Do not recommend.,negative
Satisfied with my order. Will buy again.,positive
Not worth the money. Poor quality.,positive
Great value for the price. Works as expected.,positive
Waste of money. Very bad experience.,positive
Really satisfied with the purchase.,positive
Fantastic! My whole family loves it.,negative
Five stars! Will definitely purchase again.,negative
Excellent service and fast delivery!,negative
"Shipping was delayed, but product is good.",negative
Great value for the price. Works as expected.,positive
"Horrible, broke within a week.",negative
"Shipping was delayed, but product is good.",negative
Disappointed. Doesn't match the description.,negative
Worst customer support. Never buying again.,positive
Good quality and affordable.,positive
Waste of money. Very bad experience.,positive
Disappointed. Doesn't match the description.,positive
Hated it. Do not recommend.,positive
Fantastic! My whole family loves it.,positive
Absolutely love this product! Highly recommend.,negative
Waste of money. Very bad experience.,negative
Disappointed. Doesn't match the description.,negative
Not worth the money. Poor quality.,negative
Excellent service and fast delivery!,negative
Five stars! Will definitely purchase again.,negative
Not worth the money. Poor quality.,negative
Not worth the money. Poor quality.,positive
Waste of money. Very bad experience.,positive
Excellent service and fast delivery!,negative
Five stars! Will definitely purchase again.,negative
Disappointed. Doesn't match the description.,positive
Hated it. Do not recommend.,negative
Really satisfied with the purchase.,negative
Amazing! Exceeded my expectations.,negative
Really satisfied with the purchase.,positive
Five stars! Will definitely purchase again.,positive
Fantastic! My whole family loves it.,negative
Terrible product. Stopped working in a few days.,positive
Five stars! Will definitely purchase again.,positive
"Terrible experience, I regret buying this.",positive
Great value for the price. Works as expected.,negative
Not happy. Returning it immediately.,positive
Five stars! Will definitely purchase again.,positive
"Terrible experience, I regret buying this.",negative
Absolutely love this product! Highly recommend.,negative
Amazing! Exceeded my expectations.,negative
Excellent service and fast delivery!,positive
Five stars! Will definitely purchase again.,positive
Worst customer support. Never buying again.,negative
Good quality and affordable.,negative
Waste of money. Very bad experience.,positive
Not happy. Returning it immediately.,positive
Waste of money. Very bad experience.,negative
Absolutely love this product! Highly recommend.,positive
Not worth the money. Poor quality.,negative
Great value for the price. Works as expected.,positive
Excellent service and fast delivery!,negative
Waste of money. Very bad experience.,positive
"Terrible experience, I regret buying this.",negative
"Shipping was delayed, but product is good.",positive
Satisfied with my order. Will buy again.,negative
Waste of money. Very bad experience.,positive
Excellent service and fast delivery!,negative
Not happy. Returning it immediately.,negative
Excellent service and fast delivery!,negative
"Terrible experience, I regret buying this.",negative
Disappointed. Doesn't match the description.,negative
"Shipping was delayed, but product is good.",positive
"Terrible experience, I regret buying this.",negative
"Shipping was delayed, but product is good.",positive
Really satisfied with the purchase.,negative
"Horrible, broke within a week.",positive
Not worth the money. Poor quality.,negative
"Shipping was delayed, but product is good.",negative
Waste of money. Very bad experience.,positive
Not happy. Returning it immediately.,negative
Hated it. Do not recommend.,positive
Excellent service and fast delivery!,positive
"Horrible, broke within a week.",negative
Worst customer support. Never buying again.,negative
Worst customer support. Never buying again.,positive
Not happy. Returning it immediately.,negative
Absolutely love this product! Highly recommend.,negative
Worst customer support. Never buying again.,negative
Amazing! Exceeded my expectations.,positive
Not happy. Returning it immediately.,negative
"Horrible, broke within a week.",positive
Five stars! Will definitely purchase again.,positive
Worst customer support. Never buying again.,positive
Not worth the money. Poor quality.,positive
This is the best purchase I have made.,negative
"Terrible experience, I regret buying this.",negative
Terrible product. Stopped working in a few days.,positive
"Horrible, broke within a week.",positive
Really satisfied with the purchase.,positive
Good quality and affordable.,positive
"Shipping was delayed, but product is good.",negative
Disappointed. Doesn't match the description.,positive
"Horrible, broke within a week.",positive
"Horrible, broke within a week.",positive
Absolutely love this product! Highly recommend.,positive
Really satisfied with the purchase.,positive
This is the best purchase I have made.,negative
Amazing! Exceeded my expectations.,negative
Five stars! Will definitely purchase again.,negative
Great value for the price. Works as expected.,negative
Five stars! Will definitely purchase again.,negative
"Shipping was delayed, but product is good.",positive
Fantastic! My whole family loves it.,negative
This is the best purchase I have made.,positive
Waste of money. Very bad experience.,negative
Amazing! Exceeded my expectations.,negative
Absolutely love this product! Highly recommend.,negative
Not worth the money. Poor quality.,negative
Five stars! Will definitely purchase again.,positive
Worst customer support. Never buying again.,negative
Satisfied with my order. Will buy again.,positive
Five stars! Will definitely purchase again.,negative
"Terrible experience, I regret buying this.",negative
Not worth the money. Poor quality.,negative
Hated it. Do not recommend.,positive
Not happy. Returning it immediately.,positive
"Shipping was delayed, but product is good.",negative
Amazing! Exceeded my expectations.,negative
Not happy. Returning it immediately.,positive
Hated it. Do not recommend.,positive
Fantastic! My whole family loves it.,negative
Not worth the money. Poor quality.,negative
This is the best purchase I have made.,positive
Satisfied with my order. Will buy again.,negative
Really satisfied with the purchase.,positive
Five stars! Will definitely purchase again.,negative
"Terrible experience, I regret buying this.",negative
Not happy. Returning it immediately.,positive
Absolutely love this product! Highly recommend.,positive
Fantastic! My whole family loves it.,negative
Waste of money. Very bad experience.,positive
Really satisfied with the purchase.,negative
"Shipping was delayed, but product is good.",positive
Not happy. Returning it immediately.,positive
Great value for the price. Works as expected.,positive
Amazing! Exceeded my expectations.,positive
Hated it. Do not recommend.,negative
Amazing! Exceeded my expectations.,negative
Not worth the money. Poor quality.,positive
Disappointed. Doesn't match the description.,negative
Fantastic! My whole family loves it.,negative
Disappointed. Doesn't match the description.,negative
Not happy. Returning it immediately.,negative
Amazing! Exceeded my expectations.,negative
This is the best purchase I have made.,negative
Disappointed. Doesn't match the description.,positive
Waste of money. Very bad experience.,negative
Excellent service and fast delivery!,positive
Really satisfied with the purchase.,negative
Not happy. Returning it immediately.,positive
This is the best purchase I have made.,negative
Worst customer support. Never buying again.,negative
Hated it. Do not recommend.,negative
Satisfied with my order. Will buy again.,positive
Disappointed. Doesn't match the description.,negative
This is the best purchase I have made.,positive
Waste of money. Very bad experience.,positive
Absolutely love this product! Highly recommend.,negative
Disappointed. Doesn't match the description.,negative
Disappointed. Doesn't match the description.,negative
Really satisfied with the purchase.,positive
Not happy. Returning it immediately.,positive
Satisfied with my order. Will buy again.,negative
Hated it. Do not recommend.,negative
Amazing! Exceeded my expectations.,negative
Good quality and affordable.,positive
Good quality and affordable.,positive
Good quality and affordable.,negative
Really satisfied with the purchase.,negative
Fantastic! My whole family loves it.,positive
Terrible product. Stopped working in a few days.,negative
Worst customer support. Never buying again.,negative
Great value for the price. Works as expected.,positive
Disappointed. Doesn't match the description.,positive
Fantastic! My whole family loves it.,negative
Hated it. Do not recommend.,negative
Amazing! Exceeded my expectations.,positive
Great value for the price. Works as expected.,positive
"Horrible, broke within a week.",positive
Disappointed. Doesn't match the description.,positive
"Horrible, broke within a week.",positive
Really satisfied with the purchase.,negative
Excellent service and fast delivery!,positive
Absolutely love this product! Highly recommend.,positive
"Terrible experience, I regret buying this.",negative
"Horrible, broke within a week.",positive
Terrible product. Stopped working in a few days.,negative
Hated it. Do not recommend.,positive
Great value for the price. Works as expected.,positive
Good quality and affordable.,positive
Not happy. Returning it immediately.,positive
Satisfied with my order. Will buy again.,negative
Really satisfied with the purchase.,positive
This is the best purchase I have made.,negative
Terrible product. Stopped working in a few days.,negative
This is the best purchase I have made.,positive
"Horrible, broke within a week.",negative
Excellent service and fast delivery!,negative
Absolutely love this product! Highly recommend.,negative
Not worth the money. Poor quality.,positive
Not happy. Returning it immediately.,positive
"Horrible, broke within a week.",negative
Worst customer support. Never buying again.,negative
Fantastic! My whole family loves it.,positive
Good quality and affordable.,negative
"Terrible experience, I regret buying this.",negative
Waste of money. Very bad experience.,negative
"Horrible, broke within a week.",negative
Not worth the money. Poor quality.,negative
Good quality and affordable.,negative
Excellent service and fast delivery!,positive
Good quality and affordable.,positive
Fantastic! My whole family loves it.,positive
Waste of money. Very bad experience.,negative
Hated it. Do not recommend.,positive
Amazing! Exceeded my expectations.,negative
Good quality and affordable.,negative
Hated it. Do not recommend.,positive
Fantastic! My whole family loves it.,positive
Not happy. Returning it immediately.,negative
Waste of money. Very bad experience.,positive
Good quality and affordable.,positive
Worst customer support. Never buying again.,negative
Terrible product. Stopped working in a few days.,negative
Good quality and affordable.,positive
Five stars! Will definitely purchase again.,negative
"Horrible, broke within a week.",positive
Five stars! Will definitely purchase again.,positive
Fantastic! My whole family loves it.,negative
Terrible product. Stopped working in a few days.,negative
"Horrible, broke within a week.",positive
Five stars! Will definitely purchase again.,negative
Good quality and affordable.,positive
Great value for the price. Works as expected.,negative
Disappointed. Doesn't match the description.,negative
"Horrible, broke within a week.",positive
Five stars! Will definitely purchase again.,negative
Amazing! Exceeded my expectations.,positive
Amazing! Exceeded my expectations.,negative
Waste of money. Very bad experience.,positive
Great value for the price. Works as expected.,positive
Excellent service and fast delivery!,negative
Excellent service and fast delivery!,positive
"Horrible, broke within a week.",negative
This is the best purchase I have made.,positive
Excellent service and fast delivery!,positive
Really satisfied with the purchase.,positive
Great value for the price. Works as expected.,negative
Not happy. Returning it immediately.,negative
Not happy. Returning it immediately.,positive
Amazing! Exceeded my expectations.,negative
Waste of money. Very bad experience.,negative
Good quality and affordable.,positive
Not happy. Returning it immediately.,positive
"Terrible experience, I regret buying this.",positive
Really satisfied with the purchase.,negative
Not happy. Returning it immediately.,positive
This is the best purchase I have made.,positive
Satisfied with my order. Will buy again.,negative
Absolutely love this product! Highly recommend.,positive
Satisfied with my order. Will buy again.,negative
This is the best purchase I have made.,positive
Terrible product. Stopped working in a few days.,negative
Absolutely love this product! Highly recommend.,positive
"Shipping was delayed, but product is good.",positive
Disappointed. Doesn't match the description.,positive
This is the best purchase I have made.,negative
Not happy. Returning it immediately.,negative
Waste of money. Very bad experience.,positive
Waste of money. Very bad experience.,positive
Hated it. Do not recommend.,negative
"Horrible, broke within a week.",positive
Terrible product. Stopped working in a few days.,positive
"Horrible, broke within a week.",positive
Five stars! Will definitely purchase again.,negative
Not happy. Returning it immediately.,negative
Terrible product. Stopped working in a few days.,positive
Absolutely love this product! Highly recommend.,negative
This is the best purchase I have made.,positive
Amazing! Exceeded my expectations.,negative
This is the best purchase I have made.,positive
Worst customer support. Never buying again.,positive
Good quality and affordable.,negative
Excellent service and fast delivery!,positive
Hated it. Do not recommend.,positive
Waste of money. Very bad experience.,negative
Absolutely love this product! Highly recommend.,negative
This is the best purchase I have made.,positive
Satisfied with my order. Will buy again.,negative
Satisfied with my order. Will buy again.,negative
Absolutely love this product! Highly recommend.,negative
Great value for the price. Works as expected.,positive
Not happy. Returning it immediately.,negative
Excellent service and fast delivery!,positive
Good quality and affordable.,negative
Worst customer support. Never buying again.,positive
"Terrible experience, I regret buying this.",positive
Five stars! Will definitely purchase again.,negative
This is the best purchase I have made.,positive
Amazing! Exceeded my expectations.,positive
Really satisfied with the purchase.,negative
Good quality and affordable.,negative
Amazing! Exceeded my expectations.,positive
Amazing! Exceeded my expectations.,negative
This is the best purchase I have made.,negative
Five stars! Will definitely purchase again.,positive
Not happy. Returning it immediately.,positive
Five stars! Will definitely purchase again.,positive
Great value for the price. Works as expected.,negative
Terrible product. Stopped working in a few days.,positive
Absolutely love this product! Highly recommend.,negative
Waste of money. Very bad experience.,positive
"Terrible experience, I regret buying this.",positive
"Shipping was delayed, but product is good.",positive
"Horrible, broke within a week.",positive
Great value for the price. Works as expected.,negative
"Terrible experience, I regret buying this.",negative
Absolutely love this product! Highly recommend.,negative
"Horrible, broke within a week.",negative
Really satisfied with the purchase.,negative
Absolutely love this product! Highly recommend.,positive
Hated it. Do not recommend.,positive
Excellent service and fast delivery!,negative
"Horrible, broke within a week.",negative
Excellent service and fast delivery!,positive
Terrible product. Stopped working in a few days.,negative
Not worth the money. Poor quality.,negative
Satisfied with my order. Will buy again.,positive
Really satisfied with the purchase.,negative
Good quality and affordable.,negative
Five stars! Will definitely purchase again.,negative
"Shipping was delayed, but product is good.",negative
Worst customer support. Never buying again.,negative
Hated it. Do not recommend.,negative
Hated it. Do not recommend.,positive
Not worth the money. Poor quality.,negative
Worst customer support. Never buying again.,negative
Disappointed. Doesn't match the description.,negative
Not worth the money. Poor quality.,negative
Satisfied with my order. Will buy again.,positive
Absolutely love this product! Highly recommend.,negative
Disappointed. Doesn't match the description.,positive
Satisfied with my order. Will buy again.,negative
This is the best purchase I have made.,positive
This is the best purchase I have made.,negative
Really satisfied with the purchase.,negative
Great value for the price. Works as expected.,positive
Satisfied with my order. Will buy again.,positive
"Horrible, broke within a week.",negative
Not worth the money. Poor quality.,negative
Disappointed. Doesn't match the description.,negative
Hated it. Do not recommend.,negative
Not worth the money. Poor quality.,negative
Satisfied with my order. Will buy again.,positive
"Terrible experience, I regret buying this.",negative
"Shipping was delayed, but product is good.",negative
Waste of money. Very bad experience.,negative
Not happy. Returning it immediately.,positive
"Shipping was delayed, but product is good.",negative
Great value for the price. Works as expected.,negative
Fantastic! My whole family loves it.,negative
Amazing! Exceeded my expectations.,positive
Absolutely love this product! Highly recommend.,positive
Not happy. Returning it immediately.,negative
Terrible product. Stopped working in a few days.,negative
Not worth the money. Poor quality.,positive
Not happy. Returning it immediately.,positive
"Shipping was delayed, but product is good.",positive
Good quality and affordable.,negative
Excellent service and fast delivery!,positive
Not happy. Returning it immediately.,positive
Worst customer support. Never buying again.,positive
Fantastic! My whole family loves it.,positive
Five stars! Will definitely purchase again.,negative
Hated it. Do not recommend.,negative
Waste of money. Very bad experience.,negative
Terrible product. Stopped working in a few days.,positive
Good quality and affordable.,positive
Not happy. Returning it immediately.,negative
Satisfied with my order. Will buy again.,negative
Five stars! Will definitely purchase again.,negative
Amazing! Exceeded my expectations.,negative
"Horrible, broke within a week.",positive
Great value for the price. Works as expected.,positive
Five stars! Will definitely purchase again.,negative
Good quality and affordable.,negative
"Horrible, broke within a week.",negative
Good quality and affordable.,negative
Satisfied with my order. Will buy again.,positive
Hated it. Do not recommend.,positive
This is the best purchase I have made.,positive
Amazing! Exceeded my expectations.,positive
Absolutely love this product! Highly recommend.,negative
Terrible product. Stopped working in a few days.,negative
Amazing! Exceeded my expectations.,positive
Worst customer support. Never buying again.,negative
Terrible product. Stopped working in a few days.,negative
Really satisfied with the purchase.,negative
"Shipping was delayed, but product is good.",positive
Five stars! Will definitely purchase again.,negative
Amazing! Exceeded my expectations.,negative
Five stars! Will definitely purchase again.,positive
Hated it. Do not recommend.,positive
Five stars! Will definitely purchase again.,positive
Waste of money. Very bad experience.,positive
Absolutely love this product! Highly recommend.,negative
Fantastic! My whole family loves it.,positive
Really satisfied with the purchase.,negative
Great value for the price. Works as expected.,positive
"Horrible, broke within a week.",negative
Not happy. Returning it immediately.,negative
Terrible product. Stopped working in a few days.,positive
Waste of money. Very bad experience.,negative
"Horrible, broke within a week.",negative
Terrible product. Stopped working in a few days.,positive
Terrible product. Stopped working in a few days.,positive
Good quality and affordable.,negative
Absolutely love this product! Highly recommend.,positive
Great value for the price. Works as expected.,positive
Disappointed. Doesn't match the description.,positive
"Horrible, broke within a week.",positive
This is the best purchase I have made.,positive
"Horrible, broke within a week.",negative
Disappointed. Doesn't match the description.,positive
Satisfied with my order. Will buy again.,negative
"Shipping was delayed, but product is good.",negative
Terrible product. Stopped working in a few days.,negative
Waste of money. Very bad experience.,positive
Fantastic! My whole family loves it.,positive
"Shipping was delayed, but product is good.",positive
Not happy. Returning it immediately.,negative
Waste of money. Very bad experience.,negative
Amazing! Exceeded my expectations.,negative
"Shipping was delayed, but product is good.",negative
Good quality and affordable.,negative
Five stars! Will definitely purchase again.,positive
Disappointed. Doesn't match the description.,positive
Five stars! Will definitely purchase again.,negative
"Horrible, broke within a week.",positive
Not worth the money. Poor quality.,negative
Really satisfied with the purchase.,negative
Amazing! Exceeded my expectations.,negative
Not worth the money. Poor quality.,positive
Waste of money. Very bad experience.,positive
Worst customer support. Never buying again.,positive
Really satisfied with the purchase.,negative
Really satisfied with the purchase.,positive
Terrible product. Stopped working in a few days.,positive
Five stars! Will definitely purchase again.,positive
Satisfied with my order. Will buy again.,negative
Fantastic! My whole family loves it.,positive
Hated it. Do not recommend.,positive
Disappointed. Doesn't match the description.,negative
Not worth the money. Poor quality.,positive
Really satisfied with the purchase.,negative
Disappointed. Doesn't match the description.,negative
"Horrible, broke within a week.",positive
"Shipping was delayed, but product is good.",negative
Worst customer support. Never buying again.,positive
Disappointed. Doesn't match the description.,negative
Absolutely love this product! Highly recommend.,positive
Waste of money. Very bad experience.,negative
Excellent service and fast delivery!,positive
Five stars! Will definitely purchase again.,positive
"Terrible experience, I regret buying this.",positive
"Terrible experience, I regret buying this.",positive
Waste of money. Very bad experience.,negative
Disappointed. Doesn't match the description.,positive
Excellent service and fast delivery!,positive
Terrible product. Stopped working in a few days.,positive
Not worth the money. Poor quality.,positive
Absolutely love this product! Highly recommend.,negative
Satisfied with my order. Will buy again.,positive
Disappointed. Doesn't match the description.,negative
Terrible product. Stopped working in a few days.,positive
Terrible product. Stopped working in a few days.,negative
Good quality and affordable.,negative
Amazing! Exceeded my expectations.,negative
Worst customer support. Never buying again.,negative
"Terrible experience, I regret buying this.",positive
Five stars! Will definitely purchase again.,negative
Terrible product. Stopped working in a few days.,negative
Not worth the money. Poor quality.,negative
Great value for the price. Works as expected.,positive
This is the best purchase I have made.,positive
Terrible product. Stopped working in a few days.,positive
Great value for the price. Works as expected.,negative
Satisfied with my order. Will buy again.,negative
"Terrible experience, I regret buying this.",negative
Excellent service and fast delivery!,negative
Excellent service and fast delivery!,positive
Satisfied with my order. Will buy again.,negative
Disappointed. Doesn't match the description.,positive
Great value for the price. Works as expected.,negative
"Horrible, broke within a week.",negative
Not worth the money. Poor quality.,negative
Waste of money. Very bad experience.,negative
Not happy. Returning it immediately.,positive
Hated it. Do not recommend.,negative
Hated it. Do not recommend.,positive
Hated it. Do not recommend.,negative
"Horrible, broke within a week.",positive
Fantastic! My whole family loves it.,negative
This is the best purchase I have made.,positive
Good quality and affordable.,negative
Good quality and affordable.,negative
Disappointed. Doesn't match the description.,positive
Satisfied with my order. Will buy again.,positive
Not happy. Returning it immediately.,positive
Disappointed. Doesn't match the description.,positive
Satisfied with my order. Will buy again.,negative
Hated it. Do not recommend.,negative
"Terrible experience, I regret buying this.",negative
Hated it. Do not recommend.,positive
Not worth the money. Poor quality.,positive
Really satisfied with the purchase.,negative
Really satisfied with the purchase.,negative
Five stars! Will definitely purchase again.,positive
Great value for the price. Works as expected.,positive
Worst customer support. Never buying again.,negative
"Horrible, broke within a week.",negative
Worst customer support. Never buying again.,negative
Waste of money. Very bad experience.,negative
Great value for the price. Works as expected.,negative
Worst customer support. Never buying again.,positive
Absolutely love this product! Highly recommend.,positive
Not happy. Returning it immediately.,negative
Good quality and affordable.,negative
Hated it. Do not recommend.,positive
Terrible product. Stopped working in a few days.,positive
Disappointed. Doesn't match the description.,negative
"Terrible experience, I regret buying this.",positive
"Horrible, broke within a week.",positive
Disappointed. Doesn't match the description.,negative
Disappointed. Doesn't match the description.,negative
Good quality and affordable.,negative
Great value for the price. Works as expected.,negative
"Horrible, broke within a week.",positive
Five stars! Will definitely purchase again.,positive
Satisfied with my order. Will buy again.,negative
Really satisfied with the purchase.,positive
Not happy. Returning it immediately.,negative
Not worth the money. Poor quality.,negative
Waste of money. Very bad experience.,negative
"Horrible, broke within a week.",negative
Excellent service and fast delivery!,positive
Five stars! Will definitely purchase again.,negative
Excellent service and fast delivery!,positive
Great value for the price. Works as expected.,positive
"Terrible experience, I regret buying this.",negative
Worst customer support. Never buying again.,negative
Disappointed. Doesn't match the description.,positive
Hated it. Do not recommend.,negative
Satisfied with my order. Will buy again.,negative
Disappointed. Doesn't match the description.,negative
Good quality and affordable.,positive
Not worth the money. Poor quality.,positive
Good quality and affordable.,positive
Disappointed. Doesn't match the description.,negative
This is the best purchase I have made.,negative
Five stars! Will definitely purchase again.,negative
Fantastic! My whole family loves it.,negative
Waste of money. Very bad experience.,positive
Terrible product. Stopped working in a few days.,positive
Good quality and affordable.,negative
Great value for the price. Works as expected.,positive
Hated it. Do not recommend.,positive
"Terrible experience, I regret buying this.",positive
Not happy. Returning it immediately.,positive
Amazing! Exceeded my expectations.,negative
Hated it. Do not recommend.,negative
Five stars! Will definitely purchase again.,negative
Absolutely love this product! Highly recommend.,positive
Great value for the price. Works as expected.,positive
"Horrible, broke within a week.",negative
Satisfied with my order. Will buy again.,negative
Satisfied with my order. Will buy again.,positive
Absolutely love this product! Highly recommend.,negative
Five stars! Will definitely purchase again.,negative
Satisfied with my order. Will buy again.,negative
"Terrible experience, I regret buying this.",negative
Worst customer support. Never buying again.,negative
Terrible product. Stopped working in a few days.,negative
Fantastic! My whole family loves it.,positive
Good quality and affordable.,negative
Five stars! Will definitely purchase again.,negative
Worst customer support. Never buying again.,positive
Satisfied with my order. Will buy again.,negative
Not happy. Returning it immediately.,negative
Terrible product. Stopped working in a few days.,positive
Great value for the price. Works as expected.,negative
Terrible product. Stopped working in a few days.,negative
"Shipping was delayed, but product is good.",positive
Not happy. Returning it immediately.,positive
Amazing! Exceeded my expectations.,negative
Amazing! Exceeded my expectations.,positive
Not worth the money. Poor quality.,negative
Worst customer support. Never buying again.,positive
Amazing! Exceeded my expectations.,positive
Not happy. Returning it immediately.,positive
Terrible product. Stopped working in a few days.,positive
Disappointed. Doesn't match the description.,positive
This is the best purchase I have made.,positive
Waste of money. Very bad experience.,negative
"Terrible experience, I regret buying this.",negative
Good quality and affordable.,negative
Great value for the price. Works as expected.,positive
Amazing! Exceeded my expectations.,negative
Five stars! Will definitely purchase again.,positive
Amazing! Exceeded my expectations.,negative
Not worth the money. Poor quality.,negative
This is the best purchase I have made.,positive
Fantastic! My whole family loves it.,positive
Absolutely love this product! Highly recommend.,positive
Waste of money. Very bad experience.,negative
Good quality and affordable.,negative
Not happy. Returning it immediately.,negative
"Terrible experience, I regret buying this.",negative
Really satisfied with the purchase.,positive
Fantastic! My whole family loves it.,negative
"Shipping was delayed, but product is good.",negative
Hated it. Do not recommend.,negative
Terrible product. Stopped working in a few days.,negative
Good quality and affordable.,negative
"Terrible experience, I regret buying this.",positive
Really satisfied with the purchase.,positive
Five stars! Will definitely purchase again.,negative
Waste of money. Very bad experience.,negative
Excellent service and fast delivery!,positive
Disappointed. Doesn't match the description.,negative
Good quality and affordable.,negative
Terrible product. Stopped working in a few days.,positive
Not worth the money. Poor quality.,negative
Absolutely love this product! Highly recommend.,negative
Hated it. Do not recommend.,negative
"Horrible, broke within a week.",negative
Worst customer support. Never buying again.,negative
Disappointed. Doesn't match the description.,negative
Waste of money. Very bad experience.,positive
Absolutely love this product! Highly recommend.,negative
Waste of money. Very bad experience.,negative
Not happy. Returning it immediately.,negative
Great value for the price. Works as expected.,positive
"Horrible, broke within a week.",negative
Not worth the money. Poor quality.,positive
Good quality and affordable.,negative
Not worth the money. Poor quality.,positive
Excellent service and fast delivery!,negative
Terrible product. Stopped working in a few days.,negative
Disappointed. Doesn't match the description.,negative
Fantastic! My whole family loves it.,negative
Five stars! Will definitely purchase again.,positive
Not happy. Returning it immediately.,positive
Terrible product. Stopped working in a few days.,negative
Terrible product. Stopped working in a few days.,negative
"Horrible, broke within a week.",positive
Good quality and affordable.,positive
Waste of money. Very bad experience.,positive
Excellent service and fast delivery!,positive
This is the best purchase I have made.,positive
Really satisfied with the purchase.,positive
Hated it. Do not recommend.,positive
Fantastic! My whole family loves it.,positive
Excellent service and fast delivery!,positive
Great value for the price. Works as expected.,negative
Five stars! Will definitely purchase again.,negative
Not happy. Returning it immediately.,negative
Amazing! Exceeded my expectations.,positive
Fantastic! My whole family loves it.,positive
Five stars! Will definitely purchase again.,positive
Absolutely love this product! Highly recommend.,positive
